name,address,pincode,lat,lon,fee_type,vaccine_fees,date,available_capacity_dose1,available_capacity_dose2,min_age_limit,vaccine,slots
WARD 91 Deo Office,Kamaraja Road Bharathi NAGAR,560001,13,77,Free,free,03-06-2021,63,30,45,COVISHIELD,09:00AM-11:00AM|11:00AM-01:00PM|01:00PM-03:00PM|03:00PM-06:00PM
WARD 91 Deo Office,Kamaraja Road Bharathi NAGAR,560001,13,77,Free,free,04-06-2021,69,30,45,COVISHIELD,09:00AM-11:00AM|11:00AM-01:00PM|01:00PM-03:00PM|03:00PM-06:00PM
WARD 91 Deo Office,Kamaraja Road Bharathi NAGAR,560001,13,77,Free,free,05-06-2021,70,30,45,COVISHIELD,09:00AM-11:00AM|11:00AM-01:00PM|01:00PM-03:00PM|03:00PM-06:00PM
WARD 91 Deo Office,Kamaraja Road Bharathi NAGAR,560001,13,77,Free,free,06-06-2021,70,30,45,COVISHIELD,09:00AM-11:00AM|11:00AM-01:00PM|01:00PM-03:00PM|03:00PM-06:00PM
Ward 110 BBMP Building(smpnag),BBMP Buildind Vasavi Prarthana Mandira OpstAshawath Nagarsampangi Ramanagarbanglore 560027,560001,12,77,Free,free,03-06-2021,65,30,45,COVISHIELD,09:00AM-11:00AM|11:00AM-01:00PM|01:00PM-03:00PM|03:00PM-06:00PM
Ward 110 BBMP Building(smpnag),BBMP Buildind Vasavi Prarthana Mandira OpstAshawath Nagarsampangi Ramanagarbanglore 560027,560001,12,77,Free,free,04-06-2021,69,30,45,COVISHIELD,09:00AM-11:00AM|11:00AM-01:00PM|01:00PM-03:00PM|03:00PM-06:00PM
Ward 110 BBMP Building(smpnag),BBMP Buildind Vasavi Prarthana Mandira OpstAshawath Nagarsampangi Ramanagarbanglore 560027,560001,12,77,Free,free,05-06-2021,69,30,45,COVISHIELD,09:00AM-11:00AM|11:00AM-01:00PM|01:00PM-03:00PM|03:00PM-06:00PM
Ward 110 BBMP Building(smpnag),BBMP Buildind Vasavi Prarthana Mandira OpstAshawath Nagarsampangi Ramanagarbanglore 560027,560001,12,77,Free,free,06-06-2021,70,30,45,COVISHIELD,09:00AM-11:00AM|11:00AM-01:00PM|01:00PM-03:00PM|03:00PM-06:00PM
WARD 92 BBMP(HAFIZA)SCHOOL),NEAR TASKERT TOWN UPHC,560001,12,77,Free,free,04-06-2021,69,30,45,COVISHIELD,09:00AM-11:00AM|11:00AM-01:00PM|01:00PM-03:00PM|03:00PM-06:00PM
WARD 92 BBMP(HAFIZA)SCHOOL),NEAR TASKERT TOWN UPHC,560001,12,77,Free,free,05-06-2021,70,30,45,COVISHIELD,09:00AM-11:00AM|11:00AM-01:00PM|01:00PM-03:00PM|03:00PM-06:00PM
WARD 92 BBMP(HAFIZA)SCHOOL),NEAR TASKERT TOWN UPHC,560001,12,77,Free,free,06-06-2021,70,30,45,COVISHIELD,09:00AM-11:00AM|11:00AM-01:00PM|01:00PM-03:00PM|03:00PM-06:00PM
WARD 93 VASANTHNAGAR UPHC,19 MV Jayaram Rd Vasanth Nagar,560001,12,77,Free,free,04-06-2021,70,30,45,COVISHIELD,09:00AM-11:00AM|11:00AM-01:00PM|01:00PM-03:00PM|03:00PM-06:00PM
WARD 93 VASANTHNAGAR UPHC,19 MV Jayaram Rd Vasanth Nagar,560001,12,77,Free,free,05-06-2021,69,30,45,COVISHIELD,09:00AM-11:00AM|11:00AM-01:00PM|01:00PM-03:00PM|03:00PM-06:00PM
WARD 93 VASANTHNAGAR UPHC,19 MV Jayaram Rd Vasanth Nagar,560001,12,77,Free,free,06-06-2021,70,30,45,COVISHIELD,09:00AM-11:00AM|11:00AM-01:00PM|01:00PM-03:00PM|03:00PM-06:00PM
Dasappa UPHC,HHS AND HMS COMPLEX CUBBUNPET MAIN ROAD BANGALORE,560002,12,77,Free,free,03-06-2021,16,15,45,COVISHIELD,09:00AM-11:00AM|11:00AM-01:00PM|01:00PM-03:00PM|03:00PM-04:00PM
VICTORIA,VICTORIA HOSPITAL CAMPUS K R MARKET,560002,12,77,Free,free,03-06-2021,25,25,45,COVISHIELD,09:00AM-10:00AM|10:00AM-11:00AM|11:00AM-12:00PM|12:00PM-01:00PM
VICTORIA,VICTORIA HOSPITAL CAMPUS K R MARKET,560002,12,77,Free,free,04-06-2021,21,23,45,COVISHIELD,09:00AM-10:00AM|10:00AM-11:00AM|11:00AM-12:00PM|12:00PM-01:00PM
P G Halli UPHC,Near Jataka Stand Palace Guttahalli,560003,12,77,Free,free,04-06-2021,0,3,45,COVISHIELD,10:00AM-11:00AM|11:00AM-12:00PM|12:00PM-01:00PM|01:00PM-04:00PM
Dattatreya Temple Ward 77,BBMP Ward Office Dattatreya Ward-ward No-775th Cross Near Bigbazar MalleshwaramBengaluru-560003,560003,12,77,Free,free,04-06-2021,0,3,45,COVISHIELD,10:00AM-11:00AM|11:00AM-12:00PM|12:00PM-01:00PM|01:00PM-04:00PM
K C Gen Hospital,Malleshwarm Circle Bengaluru,560003,12,77,Free,free,04-06-2021,45,24,45,COVISHIELD,10:00AM-11:00AM|11:00AM-12:00PM|12:00PM-01:00PM|01:00PM-04:00PM
WARD NO 79 BBMP GOVT SCHOOL,JEEVANAHALLI,560005,0,0,Free,free,03-06-2021,62,30,45,COVISHIELD,09:00AM-11:00AM|11:00AM-01:00PM|01:00PM-03:00PM|03:00PM-06:00PM
WARD NO 79 BBMP GOVT SCHOOL,JEEVANAHALLI,560005,0,0,Free,free,05-06-2021,69,30,45,COVISHIELD,09:00AM-11:00AM|11:00AM-01:00PM|01:00PM-03:00PM|03:00PM-06:00PM
WARD NO 79 BBMP GOVT SCHOOL,JEEVANAHALLI,560005,0,0,Free,free,06-06-2021,69,30,45,COVISHIELD,09:00AM-11:00AM|11:00AM-01:00PM|01:00PM-03:00PM|03:00PM-06:00PM
WARD 61 BBMP College Campus,BBMP Tailoring Institute Williams Tour S.K Garden,560005,13,77,Free,free,03-06-2021,68,30,45,COVISHIELD,09:00AM-11:00AM|11:00AM-01:00PM|01:00PM-03:00PM|03:00PM-06:00PM
WARD 61 BBMP College Campus,BBMP Tailoring Institute Williams Tour S.K Garden,560005,13,77,Free,free,04-06-2021,70,30,45,COVISHIELD,09:00AM-11:00AM|11:00AM-01:00PM|01:00PM-03:00PM|03:00PM-06:00PM
WARD 61 BBMP College Campus,BBMP Tailoring Institute Williams Tour S.K Garden,560005,13,77,Free,free,05-06-2021,70,30,45,COVISHIELD,09:00AM-11:00AM|11:00AM-01:00PM|01:00PM-03:00PM|03:00PM-06:00PM
WARD 61 BBMP College Campus,BBMP Tailoring Institute Williams Tour S.K Garden,560005,13,77,Free,free,06-06-2021,70,30,45,COVISHIELD,09:00AM-11:00AM|11:00AM-01:00PM|01:00PM-03:00PM|03:00PM-06:00PM
WARD 78 BBMP Hihg School,BBMP High School Clewland Tounrobertson Roadbanglore,560005,13,77,Free,free,03-06-2021,63,29,45,COVISHIELD,09:00AM-11:00AM|11:00AM-01:00PM|01:00PM-03:00PM|03:00PM-06:00PM
WARD 78 BBMP Hihg School,BBMP High School Clewland Tounrobertson Roadbanglore,560005,13,77,Free,free,04-06-2021,67,29,45,COVISHIELD,09:00AM-11:00AM|11:00AM-01:00PM|01:00PM-03:00PM|03:00PM-06:00PM
WARD 78 BBMP Hihg School,BBMP High School Clewland Tounrobertson Roadbanglore,560005,13,77,Free,free,05-06-2021,68,30,45,COVISHIELD,09:00AM-11:00AM|11:00AM-01:00PM|01:00PM-03:00PM|03:00PM-06:00PM
WARD 78 BBMP Hihg School,BBMP High School Clewland Tounrobertson Roadbanglore,560005,13,77,Free,free,06-06-2021,70,30,45,COVISHIELD,09:00AM-11:00AM|11:00AM-01:00PM|01:00PM-03:00PM|03:00PM-06:00PM
WARD 28GOVT HIGH PRIMARY SCHOL,PS PALYA KAMMANA HALLI,560005,13,77,Free,free,04-06-2021,68,30,45,COVISHIELD,09:00AM-11:00AM|11:00AM-01:00PM|01:00PM-03:00PM|03:00PM-06:00PM
WARD 28GOVT HIGH PRIMARY SCHOL,PS PALYA KAMMANA HALLI,560005,13,77,Free,free,05-06-2021,69,30,45,COVISHIELD,09:00AM-11:00AM|11:00AM-01:00PM|01:00PM-03:00PM|03:00PM-06:00PM
WARD 28GOVT HIGH PRIMARY SCHOL,PS PALYA KAMMANA HALLI,560005,13,77,Free,free,06-06-2021,70,30,45,COVISHIELD,09:00AM-11:00AM|11:00AM-01:00PM|01:00PM-03:00PM|03:00PM-06:00PM
WARD NO 59 WARD OFFICE,PARK ROAD MARUTHI SEVA NAGAR,560005,12,77,Free,free,04-06-2021,70,28,45,COVISHIELD,09:00AM-11:00AM|11:00AM-01:00PM|01:00PM-03:00PM|03:00PM-06:00PM
WARD NO 59 WARD OFFICE,PARK ROAD MARUTHI SEVA NAGAR,560005,12,77,Free,free,05-06-2021,70,30,45,COVISHIELD,09:00AM-11:00AM|11:00AM-01:00PM|01:00PM-03:00PM|03:00PM-06:00PM
WARD NO 59 WARD OFFICE,PARK ROAD MARUTHI SEVA NAGAR,560005,12,77,Free,free,06-06-2021,70,30,45,COVISHIELD,09:00AM-11:00AM|11:00AM-01:00PM|01:00PM-03:00PM|03:00PM-06:00PM
WARD NO 46 DAPCO BUILDING,M R Palya J C Nagaraa MAIN ROAD BECIDE GANESH TEMPLE,560006,13,77,Free,free,04-06-2021,70,30,45,COVISHIELD,09:00AM-11:00AM|11:00AM-01:00PM|01:00PM-03:00PM|03:00PM-06:00PM
WARD NO 46 DAPCO BUILDING,M R Palya J C Nagaraa MAIN ROAD BECIDE GANESH TEMPLE,560006,13,77,Free,free,05-06-2021,69,30,45,COVISHIELD,09:00AM-11:00AM|11:00AM-01:00PM|01:00PM-03:00PM|03:00PM-06:00PM
WARD NO 46 DAPCO BUILDING,M R Palya J C Nagaraa MAIN ROAD BECIDE GANESH TEMPLE,560006,13,77,Free,free,06-06-2021,70,30,45,COVISHIELD,09:00AM-11:00AM|11:00AM-01:00PM|01:00PM-03:00PM|03:00PM-06:00PM
WARD 80 BBMP Govt School,NEAR Murphy Town UPHC,560008,12,77,Free,free,03-06-2021,55,30,45,COVISHIELD,09:00AM-11:00AM|11:00AM-01:00PM|01:00PM-03:00PM|03:00PM-06:00PM
WARD 80 BBMP Govt School,NEAR Murphy Town UPHC,560008,12,77,Free,free,04-06-2021,65,30,45,COVISHIELD,09:00AM-11:00AM|11:00AM-01:00PM|01:00PM-03:00PM|03:00PM-06:00PM
WARD 80 BBMP Govt School,NEAR Murphy Town UPHC,560008,12,77,Free,free,05-06-2021,68,30,45,COVISHIELD,09:00AM-11:00AM|11:00AM-01:00PM|01:00PM-03:00PM|03:00PM-06:00PM
WARD 80 BBMP Govt School,NEAR Murphy Town UPHC,560008,12,77,Free,free,06-06-2021,69,30,45,COVISHIELD,09:00AM-11:00AM|11:00AM-01:00PM|01:00PM-03:00PM|03:00PM-06:00PM
Ward 90 RBANMS SCHOOL,Cambridge Road Ulsoor Refferal Hospital Ulsoor,560008,12,77,Free,free,03-06-2021,50,30,45,COVISHIELD,09:00AM-11:00AM|11:00AM-01:00PM|01:00PM-03:00PM|03:00PM-06:00PM
Ward 90 RBANMS SCHOOL,Cambridge Road Ulsoor Refferal Hospital Ulsoor,560008,12,77,Free,free,04-06-2021,68,30,45,COVISHIELD,09:00AM-11:00AM|11:00AM-01:00PM|01:00PM-03:00PM|03:00PM-06:00PM
Ward 90 RBANMS SCHOOL,Cambridge Road Ulsoor Refferal Hospital Ulsoor,560008,12,77,Free,free,05-06-2021,68,30,45,COVISHIELD,09:00AM-11:00AM|11:00AM-01:00PM|01:00PM-03:00PM|03:00PM-06:00PM
Ward 90 RBANMS SCHOOL,Cambridge Road Ulsoor Refferal Hospital Ulsoor,560008,12,77,Free,free,06-06-2021,69,30,45,COVISHIELD,09:00AM-11:00AM|11:00AM-01:00PM|01:00PM-03:00PM|03:00PM-06:00PM
Ward 113 Bbmp Ward Office,Opp UPHC Beside Indira Canteen,560008,12,77,Free,free,03-06-2021,61,28,45,COVISHIELD,09:00AM-11:00AM|11:00AM-01:00PM|01:00PM-03:00PM|03:00PM-06:00PM
Ward 89 BBMP BOYS HIGH SCHOOL,NEAR GUNDAPPA PARK Ulsoor,560008,12,77,Free,free,03-06-2021,48,28,45,COVISHIELD,09:00AM-11:00AM|11:00AM-01:00PM|01:00PM-03:00PM|03:00PM-06:00PM
Ward 89 BBMP BOYS HIGH SCHOOL,NEAR GUNDAPPA PARK Ulsoor,560008,12,77,Free,free,04-06-2021,68,30,45,COVISHIELD,09:00AM-11:00AM|11:00AM-01:00PM|01:00PM-03:00PM|03:00PM-06:00PM
Ward 89 BBMP BOYS HIGH SCHOOL,NEAR GUNDAPPA PARK Ulsoor,560008,12,77,Free,free,05-06-2021,70,29,45,COVISHIELD,09:00AM-11:00AM|11:00AM-01:00PM|01:00PM-03:00PM|03:00PM-06:00PM
Ward 89 BBMP BOYS HIGH SCHOOL,NEAR GUNDAPPA PARK Ulsoor,560008,12,77,Free,free,06-06-2021,68,30,45,COVISHIELD,09:00AM-11:00AM|11:00AM-01:00PM|01:00PM-03:00PM|03:00PM-06:00PM
Ward 88 Govt School,9th Crossnear Venugopal Swamy Templekodihalli,560008,12,77,Free,free,03-06-2021,60,28,45,COVISHIELD,09:00AM-11:00AM|11:00AM-01:00PM|01:00PM-03:00PM|03:00PM-06:00PM
Ward 88 Govt School,9th Crossnear Venugopal Swamy Templekodihalli,560008,12,77,Free,free,04-06-2021,70,30,45,COVISHIELD,09:00AM-11:00AM|11:00AM-01:00PM|01:00PM-03:00PM|03:00PM-06:00PM
Ward 88 Govt School,9th Crossnear Venugopal Swamy Templekodihalli,560008,12,77,Free,free,05-06-2021,68,30,45,COVISHIELD,09:00AM-11:00AM|11:00AM-01:00PM|01:00PM-03:00PM|03:00PM-06:00PM
Ward 88 Govt School,9th Crossnear Venugopal Swamy Templekodihalli,560008,12,77,Free,free,06-06-2021,70,30,45,COVISHIELD,09:00AM-11:00AM|11:00AM-01:00PM|01:00PM-03:00PM|03:00PM-06:00PM
Shiva Nagar 107,Gangamma Thimaiah Government School 2nd Main Road Shivanagar Bangalore 560010,560010,12,77,Free,free,03-06-2021,5,10,45,COVISHIELD,10:00AM-11:00AM|11:00AM-12:00PM|12:00PM-01:00PM|01:00PM-04:00PM
Shiva Nagar 107,Gangamma Thimaiah Government School 2nd Main Road Shivanagar Bangalore 560010,560010,12,77,Free,free,04-06-2021,0,7,45,COVISHIELD,10:00AM-11:00AM|11:00AM-12:00PM|12:00PM-01:00PM|01:00PM-04:00PM
ESIC HOSPITAL RAJAJINAGAR,41ST CROSS RAJAJINAGAR BANGALORE,560010,12,77,Free,free,04-06-2021,93,23,45,COVISHIELD,09:00AM-10:00AM|10:00AM-11:00AM|11:00AM-12:00PM|12:00PM-01:00PM
Rajajinagar UPHC,57th Cross5th Block Rajajinagar,560010,12,77,Free,free,04-06-2021,2,8,45,COVISHIELD,10:00AM-11:00AM|11:00AM-12:00PM|12:00PM-01:00PM|01:00PM-04:00PM
Nagapura Ward 67,118K1st BlockRajajinagar BengaluruKarnataka 560010,560010,13,77,Free,free,04-06-2021,4,9,45,COVISHIELD,10:00AM-11:00AM|11:00AM-12:00PM|12:00PM-01:00PM|01:00PM-04:00PM
Manjunathanagar UPHC,1st Main Road Manjunathanagar Banglore-560010,560010,12,77,Free,free,04-06-2021,0,10,45,COVISHIELD,10:00AM-11:00AM|11:00AM-12:00PM|12:00PM-01:00PM|01:00PM-04:00PM
ST THERESAS HOSPITAL,DR RAJ KUMAR ROAD 1ST BLOCK RAJAJINAGAR BANGALORE,560010,12,77,Paid,COVISHIELD:850,07-06-2021,1,9,45,COVISHIELD,09:00AM-11:00AM|11:00AM-01:00PM|01:00PM-03:00PM|03:00PM-06:00PM
Apollo Hospital-JAYANAGAR,No.21-2 14th Cross Road Near Madhavan Park Circle Jayanagar East Jayanagar Bengaluru Karnataka 560011,560011,12,77,Paid,COVISHIELD:850,03-06-2021,237,91,45,COVISHIELD,09:00AM-11:00AM|11:00AM-01:00PM|01:00PM-03:00PM|03:00PM-05:00PM
BYATARAYANAPURA UPHC,Kuvempunagara,560014,13,77,Free,free,04-06-2021,47,15,45,COVISHIELD,09:00AM-11:00AM|11:00AM-01:00PM|01:00PM-03:00PM|03:00PM-06:00PM
ABBIGERE UPHC 1,NEAR ABBIGERE PARK ABBIGERE,560015,0,0,Free,free,04-06-2021,44,35,45,COVISHIELD,10:00AM-12:00PM|12:00PM-02:00PM|02:00PM-04:00PM|04:00PM-05:00PM
ABBIGERE UPHC 1,NEAR ABBIGERE PARK ABBIGERE,560015,0,0,Free,free,05-06-2021,51,31,45,COVISHIELD,10:00AM-12:00PM|12:00PM-02:00PM|02:00PM-04:00PM|04:00PM-05:00PM
ABBIGERE UPHC 1,NEAR ABBIGERE PARK ABBIGERE,560015,0,0,Free,free,06-06-2021,55,38,45,COVISHIELD,10:00AM-12:00PM|12:00PM-02:00PM|02:00PM-04:00PM|04:00PM-05:00PM
ABBIGERE UPHC 1,NEAR ABBIGERE PARK ABBIGERE,560015,0,0,Free,free,07-06-2021,66,31,45,COVISHIELD,10:00AM-12:00PM|12:00PM-02:00PM|02:00PM-04:00PM|04:00PM-05:00PM
BBMP Ward Office A Narayanpura,BBMP Officeward 56near Hanuman Park A Narayanapura,560016,12,77,Free,free,04-06-2021,0,3,45,COVISHIELD,10:00AM-11:00AM|11:00AM-12:00PM|12:00PM-01:00PM|01:00PM-04:00PM
Corporator Office Vijinapura,Corporator Office Near Lakshmi Theater Vijinapura,560016,13,77,Free,free,04-06-2021,0,9,45,COVISHIELD,10:00AM-11:00AM|11:00AM-12:00PM|12:00PM-01:00PM|01:00PM-04:00PM
SLV Samudaya Bhavana RM Nagar,Bovi Colony Anganwadi Center Opp Samudaya Bhavana Rammurthynagar,560016,13,77,Free,free,04-06-2021,0,6,45,COVISHIELD,10:00AM-11:00AM|11:00AM-12:00PM|12:00PM-01:00PM|01:00PM-04:00PM
Indian Red Cross Society UPHC,Sirsi Circle Chamarajpet,560018,0,0,Free,free,04-06-2021,1,2,45,COVISHIELD,10:00AM-11:00AM|11:00AM-12:00PM|12:00PM-01:00PM|01:00PM-04:00PM
Anjanappa Garden UPHC,Behind Banana Market Anjanappa Garden,560018,12,77,Free,free,04-06-2021,2,7,45,COVISHIELD,10:00AM-11:00AM|11:00AM-12:00PM|12:00PM-01:00PM|01:00PM-04:00PM
Kodandarampura UPHC,Sirur Park Road Seshadripuram Bangalore,560020,12,77,Free,free,03-06-2021,1,8,45,COVISHIELD,10:00AM-11:00AM|11:00AM-12:00PM|12:00PM-01:00PM|01:00PM-04:00PM
Kodandarampura UPHC,Sirur Park Road Seshadripuram Bangalore,560020,12,77,Free,free,04-06-2021,4,8,45,COVISHIELD,10:00AM-11:00AM|11:00AM-12:00PM|12:00PM-01:00PM|01:00PM-04:00PM
Subhashnagar UPHC,5th Main Road Opposite BBMP School Srirampur,560021,12,77,Free,free,03-06-2021,9,10,45,COVISHIELD,10:00AM-11:00AM|11:00AM-12:00PM|12:00PM-01:00PM|01:00PM-04:00PM
Subhashnagar UPHC,5th Main Road Opposite BBMP School Srirampur,560021,12,77,Free,free,04-06-2021,8,10,45,COVISHIELD,10:00AM-11:00AM|11:00AM-12:00PM|12:00PM-01:00PM|01:00PM-04:00PM
Subramanyanagar UPHC,9th MainNear GD Park Mariyappanapalya,560021,12,77,Free,free,03-06-2021,6,10,45,COVISHIELD,10:00AM-11:00AM|11:00AM-12:00PM|12:00PM-01:00PM|01:00PM-04:00PM
Subramanyanagar UPHC,9th MainNear GD Park Mariyappanapalya,560021,12,77,Free,free,04-06-2021,0,10,45,COVISHIELD,10:00AM-11:00AM|11:00AM-12:00PM|12:00PM-01:00PM|01:00PM-04:00PM
Subramanyanagara Ward 66,No.3773 A E Block 2nd Stage Rajaji Nagar Banglore-560021,560021,13,77,Free,free,03-06-2021,6,10,45,COVISHIELD,10:00AM-11:00AM|11:00AM-12:00PM|12:00PM-01:00PM|01:00PM-04:00PM
Subramanyanagara Ward 66,No.3773 A E Block 2nd Stage Rajaji Nagar Banglore-560021,560021,13,77,Free,free,04-06-2021,5,10,45,COVISHIELD,10:00AM-11:00AM|11:00AM-12:00PM|12:00PM-01:00PM|01:00PM-04:00PM
Gandhi Grama UPHC,3rd CrossGandhi Grama Near East West Academy School,560021,13,77,Free,free,03-06-2021,2,10,45,COVISHIELD,10:00AM-11:00AM|11:00AM-12:00PM|12:00PM-01:00PM|01:00PM-04:00PM
Gandhi Grama UPHC,3rd CrossGandhi Grama Near East West Academy School,560021,13,77,Free,free,04-06-2021,0,7,45,COVISHIELD,10:00AM-12:00PM|12:00PM-02:00PM|02:00PM-04:00PM|04:00PM-06:00PM
R C Pura UPHC,Near Srirmpur Refferal Hospital,560021,12,77,Free,free,04-06-2021,7,10,45,COVISHIELD,10:00AM-11:00AM|11:00AM-12:00PM|12:00PM-01:00PM|01:00PM-04:00PM
Nagappablock UPHC,Near Sriranpur Metro Station,560021,12,77,Free,free,04-06-2021,0,8,45,COVISHIELD,10:00AM-11:00AM|11:00AM-12:00PM|12:00PM-01:00PM|01:00PM-04:00PM
Srirampura UPHC,Near Sai Baba Nagar,560021,12,77,Free,free,04-06-2021,3,10,45,COVISHIELD,10:00AM-11:00AM|11:00AM-12:00PM|12:00PM-01:00PM|01:00PM-04:00PM
Matthikere UPHC,Opp. Keshav Theater B.K Nagara,560022,13,77,Free,free,03-06-2021,42,27,45,COVISHIELD,09:00AM-11:00AM|11:00AM-01:00PM|01:00PM-03:00PM|03:00PM-06:00PM
SUBEDARAPALYA UPHC,1ST CROSS SAVIOUR CHURCH OPPOSITE SUBEDARPALYA,560022,13,77,Free,free,04-06-2021,1,10,45,COVISHIELD,10:00AM-11:00AM|11:00AM-12:00PM|12:00PM-01:00PM|01:00PM-04:00PM
Dr.Raj Kumar Ward 106,Block .No93rd Main Rd Police Quarters rajajinagarbengaluru 560023,560023,12,77,Free,free,04-06-2021,0,10,45,COVISHIELD,10:00AM-11:00AM|11:00AM-12:00PM|12:00PM-01:00PM|01:00PM-04:00PM
Magadi Road UPHC,2nd Cross Magadi Road,560023,12,77,Free,free,04-06-2021,0,10,45,COVISHIELD,10:00AM-11:00AM|11:00AM-12:00PM|12:00PM-01:00PM|01:00PM-04:00PM
Gooripalya UPHC,3rd CrossGoripalya,560026,12,77,Free,free,04-06-2021,8,10,45,COVISHIELD,10:00AM-11:00AM|11:00AM-12:00PM|12:00PM-01:00PM|01:00PM-04:00PM
JAGAJIVANARAM Nagar Ward 136,9th Main Near Auto Stand Old Guddadahalli Vinayak Nagar Bangalore 560026,560026,12,77,Free,free,04-06-2021,10,10,45,COVISHIELD,10:00AM-11:00AM|11:00AM-12:00PM|12:00PM-01:00PM|01:00PM-04:00PM
Padarayanapura Ward 135,29-547 9th Cross Rd Padarayana Pura Bengaluru Karnataka 560026,560026,12,77,Free,free,04-06-2021,9,10,45,COVISHIELD,10:00AM-11:00AM|11:00AM-12:00PM|12:00PM-01:00PM|01:00PM-04:00PM
Manvarthpet UPHC,KV Temple Street Balepete Circle Bangalore,560026,12,77,Free,free,04-06-2021,7,10,45,COVISHIELD,10:00AM-11:00AM|11:00AM-12:00PM|12:00PM-01:00PM|01:00PM-04:00PM
Azadnagar UPHC,Pipeline Road K B Nagar,560026,12,77,Free,free,04-06-2021,6,10,45,COVISHIELD,10:00AM-11:00AM|11:00AM-12:00PM|12:00PM-01:00PM|01:00PM-04:00PM
Hsiddaiah Road UPHC1,NEAR BBMP CAR PARKING J C ROAD,560027,12,77,Free,free,03-06-2021,21,15,45,COVISHIELD,09:00AM-11:00AM|11:00AM-01:00PM|01:00PM-03:00PM|03:00PM-04:00PM
HOMBEGOWDA NAGARA UPHC,327 Siddaiah Road Vinyaka Nagar Chinayyanapalya Wilson Gardenbengaluru.,560027,12,77,Free,free,03-06-2021,39,21,45,COVISHIELD,09:00AM-10:00AM|10:00AM-11:00AM|11:00AM-12:00PM|12:00PM-04:30PM
WARD 117 WARD OFFICE,NEAR NANJAPPA CIRCLE,560027,16,73,Free,free,03-06-2021,60,30,45,COVISHIELD,09:00AM-11:00AM|11:00AM-01:00PM|01:00PM-03:00PM|03:00PM-06:00PM
WARD 117 WARD OFFICE,NEAR NANJAPPA CIRCLE,560027,16,73,Free,free,04-06-2021,63,30,45,COVISHIELD,09:00AM-11:00AM|11:00AM-01:00PM|01:00PM-03:00PM|03:00PM-06:00PM
WARD 117 WARD OFFICE,NEAR NANJAPPA CIRCLE,560027,16,73,Free,free,05-06-2021,70,30,45,COVISHIELD,09:00AM-11:00AM|11:00AM-01:00PM|01:00PM-03:00PM|03:00PM-06:00PM
WARD 117 WARD OFFICE,NEAR NANJAPPA CIRCLE,560027,16,73,Free,free,06-06-2021,69,30,45,COVISHIELD,09:00AM-11:00AM|11:00AM-01:00PM|01:00PM-03:00PM|03:00PM-06:00PM
Adugodi UPHC,BALAPPA LAYOUT ADUGODI KORAMANAGALA MAIN ROAD,560030,12,77,Free,free,03-06-2021,79,50,45,COVISHIELD,09:00AM-11:00AM|11:00AM-01:00PM|01:00PM-03:00PM|03:00PM-04:00PM
Ward 34 Modern Public School,3rd Main Church Road RT Nagar,560032,13,77,Free,free,03-06-2021,10,25,45,COVISHIELD,09:00AM-11:00AM|11:00AM-01:00PM|01:00PM-03:00PM|03:00PM-06:00PM
Ward 34 Modern Public School,3rd Main Church Road RT Nagar,560032,13,77,Free,free,04-06-2021,67,30,45,COVISHIELD,09:00AM-11:00AM|11:00AM-01:00PM|01:00PM-03:00PM|03:00PM-06:00PM
Ward 34 Modern Public School,3rd Main Church Road RT Nagar,560032,13,77,Free,free,05-06-2021,69,30,45,COVISHIELD,09:00AM-11:00AM|11:00AM-01:00PM|01:00PM-03:00PM|03:00PM-06:00PM
Ward 34 Modern Public School,3rd Main Church Road RT Nagar,560032,13,77,Free,free,06-06-2021,70,30,45,COVISHIELD,09:00AM-11:00AM|11:00AM-01:00PM|01:00PM-03:00PM|03:00PM-06:00PM
WARD 22 C N HALLI GOVT SCHOOL,INSIDE CHOLANAYAKANAHALLI PRIMARY HEALTH CARE CENTER GOVT SCHOOL,560032,13,77,Free,free,03-06-2021,37,24,45,COVISHIELD,09:00AM-11:00AM|11:00AM-01:00PM|01:00PM-03:00PM|03:00PM-06:00PM
WARD 22 C N HALLI GOVT SCHOOL,INSIDE CHOLANAYAKANAHALLI PRIMARY HEALTH CARE CENTER GOVT SCHOOL,560032,13,77,Free,free,04-06-2021,66,29,45,COVISHIELD,09:00AM-11:00AM|11:00AM-01:00PM|01:00PM-03:00PM|03:00PM-06:00PM
WARD 22 C N HALLI GOVT SCHOOL,INSIDE CHOLANAYAKANAHALLI PRIMARY HEALTH CARE CENTER GOVT SCHOOL,560032,13,77,Free,free,05-06-2021,67,30,45,COVISHIELD,09:00AM-11:00AM|11:00AM-01:00PM|01:00PM-03:00PM|03:00PM-06:00PM
WARD 22 C N HALLI GOVT SCHOOL,INSIDE CHOLANAYAKANAHALLI PRIMARY HEALTH CARE CENTER GOVT SCHOOL,560032,13,77,Free,free,06-06-2021,70,30,45,COVISHIELD,09:00AM-11:00AM|11:00AM-01:00PM|01:00PM-03:00PM|03:00PM-06:00PM
WARD NO 32 LBS COLLEGE,LAL BAHUDUR SHASTRI COLLEGE OPP PANIPURI GROUNDNear Pushpanjali Theatre Sulthan Palya,560032,13,77,Free,free,03-06-2021,25,28,45,COVISHIELD,09:00AM-11:00AM|11:00AM-01:00PM|01:00PM-03:00PM|03:00PM-06:00PM
WARD NO 32 LBS COLLEGE,LAL BAHUDUR SHASTRI COLLEGE OPP PANIPURI GROUNDNear Pushpanjali Theatre Sulthan Palya,560032,13,77,Free,free,04-06-2021,65,30,45,COVISHIELD,09:00AM-11:00AM|11:00AM-01:00PM|01:00PM-03:00PM|03:00PM-06:00PM
WARD NO 32 LBS COLLEGE,LAL BAHUDUR SHASTRI COLLEGE OPP PANIPURI GROUNDNear Pushpanjali Theatre Sulthan Palya,560032,13,77,Free,free,05-06-2021,68,30,45,COVISHIELD,09:00AM-11:00AM|11:00AM-01:00PM|01:00PM-03:00PM|03:00PM-06:00PM
WARD NO 32 LBS COLLEGE,LAL BAHUDUR SHASTRI COLLEGE OPP PANIPURI GROUNDNear Pushpanjali Theatre Sulthan Palya,560032,13,77,Free,free,06-06-2021,70,30,45,COVISHIELD,09:00AM-11:00AM|11:00AM-01:00PM|01:00PM-03:00PM|03:00PM-06:00PM
Ward 20 Ganganagar,App To Byraanjaneya Temple KHM Block Ganganagar,560032,13,77,Free,free,03-06-2021,39,29,45,COVISHIELD,09:00AM-11:00AM|11:00AM-01:00PM|01:00PM-03:00PM|03:00PM-06:00PM
Ward 20 Ganganagar,App To Byraanjaneya Temple KHM Block Ganganagar,560032,13,77,Free,free,04-06-2021,62,29,45,COVISHIELD,09:00AM-11:00AM|11:00AM-01:00PM|01:00PM-03:00PM|03:00PM-06:00PM
Ward 20 Ganganagar,App To Byraanjaneya Temple KHM Block Ganganagar,560032,13,77,Free,free,05-06-2021,70,30,45,COVISHIELD,09:00AM-11:00AM|11:00AM-01:00PM|01:00PM-03:00PM|03:00PM-06:00PM
Ward 20 Ganganagar,App To Byraanjaneya Temple KHM Block Ganganagar,560032,13,77,Free,free,06-06-2021,69,30,45,COVISHIELD,09:00AM-11:00AM|11:00AM-01:00PM|01:00PM-03:00PM|03:00PM-06:00PM
Government School Doddanekundi,Government Higher Primary School Doddanekkundi,560037,12,77,Free,free,04-06-2021,4,4,45,COVISHIELD,10:00AM-11:00AM|11:00AM-12:00PM|12:00PM-01:00PM|01:00PM-04:00PM
Gvt School MarathalliSanjayngr,PHC MARATHALLI ANANAD NAGAR 2ND CROSS MARATHALLI BANGLORE 560037,560037,12,77,Free,free,04-06-2021,2,7,45,COVISHIELD,10:00AM-11:00AM|11:00AM-12:00PM|12:00PM-01:00PM|01:00PM-04:00PM
Government School Yemaluru,Kempapura MAIN ROADBellandur Bengaluru,560037,12,77,Free,free,04-06-2021,0,3,45,COVISHIELD,10:00AM-11:00AM|11:00AM-12:00PM|12:00PM-01:00PM|01:00PM-04:00PM
GVT PRIMARY SCHOOL VIBUTHIPURA,GOVERNMENT PRIMARY SCHOOL VIBUTHIPURA WARD 87,560037,12,77,Free,free,04-06-2021,40,1,45,COVISHIELD,10:00AM-11:00AM|11:00AM-12:00PM|12:00PM-01:00PM|01:00PM-04:00PM
Gangondanahalli UPHC,6th CrossAhmed Nagar,560039,12,77,Free,free,03-06-2021,5,10,45,COVISHIELD,10:00AM-11:00AM|11:00AM-12:00PM|12:00PM-01:00PM|01:00PM-04:00PM
Gangondanahalli UPHC,6th CrossAhmed Nagar,560039,12,77,Free,free,04-06-2021,1,10,45,COVISHIELD,10:00AM-11:00AM|11:00AM-12:00PM|12:00PM-01:00PM|01:00PM-04:00PM
Panthara Palya UPHC,Near Nayandanahalli Post Office,560039,12,77,Free,free,04-06-2021,0,9,45,COVISHIELD,10:00AM-11:00AM|11:00AM-12:00PM|12:00PM-01:00PM|01:00PM-04:00PM
Maruthi Mandir Ward 126,402 A2nd Block Govindaraja Nagar Ward Kalayan NagarNaagarabhavi Bengaluru 560040,560040,12,77,Free,free,03-06-2021,1,10,45,COVISHIELD,10:00AM-11:00AM|11:00AM-12:00PM|12:00PM-01:00PM|01:00PM-04:00PM
Maruthi Mandir Ward 126,402 A2nd Block Govindaraja Nagar Ward Kalayan NagarNaagarabhavi Bengaluru 560040,560040,12,77,Free,free,04-06-2021,0,9,45,COVISHIELD,10:00AM-11:00AM|11:00AM-12:00PM|12:00PM-01:00PM|01:00PM-04:00PM
MoodalaPalya UPHC,1st MainPanchasheela Nagaraa,560040,12,77,Free,free,03-06-2021,0,7,45,COVISHIELD,10:00AM-11:00AM|11:00AM-12:00PM|12:00PM-01:00PM|01:00PM-04:00PM
MoodalaPalya UPHC,1st MainPanchasheela Nagaraa,560040,12,77,Free,free,04-06-2021,0,7,45,COVISHIELD,10:00AM-11:00AM|11:00AM-12:00PM|12:00PM-01:00PM|01:00PM-04:00PM
Hosahalli UPHC,4th CrossM C Layout,560040,12,77,Free,free,04-06-2021,0,4,45,COVISHIELD,10:00AM-11:00AM|11:00AM-12:00PM|12:00PM-01:00PM|01:00PM-04:00PM
WARD 27 KARNATAKA GOVT SCHO0L,NEAR MUKUNTAMMA TEMPLE,560043,13,77,Free,free,03-06-2021,5,25,45,COVISHIELD,09:00AM-11:00AM|11:00AM-01:00PM|01:00PM-03:00PM|03:00PM-06:00PM
WARD 27 KARNATAKA GOVT SCHO0L,NEAR MUKUNTAMMA TEMPLE,560043,13,77,Free,free,04-06-2021,43,28,45,COVISHIELD,09:00AM-11:00AM|11:00AM-01:00PM|01:00PM-03:00PM|03:00PM-06:00PM
WARD 27 KARNATAKA GOVT SCHO0L,NEAR MUKUNTAMMA TEMPLE,560043,13,77,Free,free,05-06-2021,58,29,45,COVISHIELD,09:00AM-11:00AM|11:00AM-01:00PM|01:00PM-03:00PM|03:00PM-06:00PM
WARD 27 KARNATAKA GOVT SCHO0L,NEAR MUKUNTAMMA TEMPLE,560043,13,77,Free,free,06-06-2021,65,30,45,COVISHIELD,09:00AM-11:00AM|11:00AM-01:00PM|01:00PM-03:00PM|03:00PM-06:00PM
WARD 50 B CHANASANDRA GOVT SCH,B CHANNASANDRA GOVT SCHOOL NEAR AMAX SUPER MARKET,560043,12,77,Free,free,04-06-2021,35,25,45,COVISHIELD,09:00AM-11:00AM|11:00AM-01:00PM|01:00PM-03:00PM|03:00PM-06:00PM
WARD 50 B CHANASANDRA GOVT SCH,B CHANNASANDRA GOVT SCHOOL NEAR AMAX SUPER MARKET,560043,12,77,Free,free,05-06-2021,63,30,45,COVISHIELD,09:00AM-11:00AM|11:00AM-01:00PM|01:00PM-03:00PM|03:00PM-06:00PM
WARD 50 B CHANASANDRA GOVT SCH,B CHANNASANDRA GOVT SCHOOL NEAR AMAX SUPER MARKET,560043,12,77,Free,free,06-06-2021,66,29,45,COVISHIELD,09:00AM-11:00AM|11:00AM-01:00PM|01:00PM-03:00PM|03:00PM-06:00PM
30 WARD Vinoba Nagar Anganwadi,Near Counselor Office Ward 30,560045,13,77,Free,free,03-06-2021,69,30,45,COVISHIELD,09:00AM-11:00AM|11:00AM-01:00PM|01:00PM-03:00PM|03:00PM-06:00PM
30 WARD Vinoba Nagar Anganwadi,Near Counselor Office Ward 30,560045,13,77,Free,free,04-06-2021,69,30,45,COVISHIELD,09:00AM-11:00AM|11:00AM-01:00PM|01:00PM-03:00PM|03:00PM-06:00PM
30 WARD Vinoba Nagar Anganwadi,Near Counselor Office Ward 30,560045,13,77,Free,free,05-06-2021,70,30,45,COVISHIELD,09:00AM-11:00AM|11:00AM-01:00PM|01:00PM-03:00PM|03:00PM-06:00PM
30 WARD Vinoba Nagar Anganwadi,Near Counselor Office Ward 30,560045,13,77,Free,free,06-06-2021,70,30,45,COVISHIELD,09:00AM-11:00AM|11:00AM-01:00PM|01:00PM-03:00PM|03:00PM-06:00PM
Ward No 33 Subash School,Chamundinagar Slum,560045,13,77,Free,free,03-06-2021,70,30,45,COVISHIELD,09:00AM-11:00AM|11:00AM-01:00PM|01:00PM-03:00PM|03:00PM-06:00PM
Ward No 33 Subash School,Chamundinagar Slum,560045,13,77,Free,free,04-06-2021,70,30,45,COVISHIELD,09:00AM-11:00AM|11:00AM-01:00PM|01:00PM-03:00PM|03:00PM-06:00PM
Ward No 33 Subash School,Chamundinagar Slum,560045,13,77,Free,free,05-06-2021,70,30,45,COVISHIELD,09:00AM-11:00AM|11:00AM-01:00PM|01:00PM-03:00PM|03:00PM-06:00PM
Ward No 33 Subash School,Chamundinagar Slum,560045,13,77,Free,free,06-06-2021,70,30,45,COVISHIELD,09:00AM-11:00AM|11:00AM-01:00PM|01:00PM-03:00PM|03:00PM-06:00PM
Ward 48 Govt Karantaka School,Opp To Footbal Ground Muneshwarnagar,560045,12,77,Free,free,03-06-2021,68,30,45,COVISHIELD,09:00AM-11:00AM|11:00AM-01:00PM|01:00PM-03:00PM|03:00PM-06:00PM
Ward 48 Govt Karantaka School,Opp To Footbal Ground Muneshwarnagar,560045,12,77,Free,free,04-06-2021,68,30,45,COVISHIELD,09:00AM-11:00AM|11:00AM-01:00PM|01:00PM-03:00PM|03:00PM-06:00PM
Ward 48 Govt Karantaka School,Opp To Footbal Ground Muneshwarnagar,560045,12,77,Free,free,05-06-2021,70,30,45,COVISHIELD,09:00AM-11:00AM|11:00AM-01:00PM|01:00PM-03:00PM|03:00PM-06:00PM
Ward 48 Govt Karantaka School,Opp To Footbal Ground Muneshwarnagar,560045,12,77,Free,free,06-06-2021,70,30,45,COVISHIELD,09:00AM-11:00AM|11:00AM-01:00PM|01:00PM-03:00PM|03:00PM-06:00PM
WARD NO 24 JSS PUBLIC SCHOOL,NO 5 2 ND BLOCK 1 ST STAGE HBR LAYOUT,560045,13,77,Free,free,04-06-2021,61,29,45,COVISHIELD,09:00AM-11:00AM|11:00AM-01:00PM|01:00PM-03:00PM|03:00PM-06:00PM
WARD NO 24 JSS PUBLIC SCHOOL,NO 5 2 ND BLOCK 1 ST STAGE HBR LAYOUT,560045,13,77,Free,free,05-06-2021,69,30,45,COVISHIELD,09:00AM-11:00AM|11:00AM-01:00PM|01:00PM-03:00PM|03:00PM-06:00PM
WARD NO 24 JSS PUBLIC SCHOOL,NO 5 2 ND BLOCK 1 ST STAGE HBR LAYOUT,560045,13,77,Free,free,06-06-2021,70,30,45,COVISHIELD,09:00AM-11:00AM|11:00AM-01:00PM|01:00PM-03:00PM|03:00PM-06:00PM
Ward 31 Govt School,1 St Main Road Ashok Nagar Sampura Main Road,560045,13,77,Free,free,04-06-2021,70,30,45,COVISHIELD,09:00AM-11:00AM|11:00AM-01:00PM|01:00PM-03:00PM|03:00PM-06:00PM
Ward 31 Govt School,1 St Main Road Ashok Nagar Sampura Main Road,560045,13,77,Free,free,05-06-2021,70,30,45,COVISHIELD,09:00AM-11:00AM|11:00AM-01:00PM|01:00PM-03:00PM|03:00PM-06:00PM
Ward 31 Govt School,1 St Main Road Ashok Nagar Sampura Main Road,560045,13,77,Free,free,06-06-2021,70,30,45,COVISHIELD,09:00AM-11:00AM|11:00AM-01:00PM|01:00PM-03:00PM|03:00PM-06:00PM
WARD 23 Saint Dominic School,Saint Dominic School Govindpura,560045,13,77,Free,free,04-06-2021,70,30,45,COVISHIELD,09:00AM-11:00AM|11:00AM-01:00PM|01:00PM-03:00PM|03:00PM-06:00PM
WARD 23 Saint Dominic School,Saint Dominic School Govindpura,560045,13,77,Free,free,05-06-2021,70,30,45,COVISHIELD,09:00AM-11:00AM|11:00AM-01:00PM|01:00PM-03:00PM|03:00PM-06:00PM
WARD 23 Saint Dominic School,Saint Dominic School Govindpura,560045,13,77,Free,free,06-06-2021,70,30,45,COVISHIELD,09:00AM-11:00AM|11:00AM-01:00PM|01:00PM-03:00PM|03:00PM-06:00PM
WARD 47 MODI GARDEN WELLFARE,MODI GARDEN WEL FARE ASSOCIATION D J HALLI,560045,13,77,Free,free,04-06-2021,70,30,45,COVISHIELD,09:00AM-11:00AM|11:00AM-01:00PM|01:00PM-03:00PM|03:00PM-06:00PM
WARD 47 MODI GARDEN WELLFARE,MODI GARDEN WEL FARE ASSOCIATION D J HALLI,560045,13,77,Free,free,05-06-2021,70,30,45,COVISHIELD,09:00AM-11:00AM|11:00AM-01:00PM|01:00PM-03:00PM|03:00PM-06:00PM
WARD 47 MODI GARDEN WELLFARE,MODI GARDEN WEL FARE ASSOCIATION D J HALLI,560045,13,77,Free,free,06-06-2021,70,30,45,COVISHIELD,09:00AM-11:00AM|11:00AM-01:00PM|01:00PM-03:00PM|03:00PM-06:00PM
WARD 62 INDIRA GANDHI CANTEEN,CHINAPPA GARDEN,560046,13,77,Free,free,04-06-2021,69,30,45,COVISHIELD,09:00AM-11:00AM|11:00AM-01:00PM|01:00PM-03:00PM|03:00PM-06:00PM
WARD 62 INDIRA GANDHI CANTEEN,CHINAPPA GARDEN,560046,13,77,Free,free,05-06-2021,70,30,45,COVISHIELD,09:00AM-11:00AM|11:00AM-01:00PM|01:00PM-03:00PM|03:00PM-06:00PM
WARD 62 INDIRA GANDHI CANTEEN,CHINAPPA GARDEN,560046,13,77,Free,free,06-06-2021,70,30,45,COVISHIELD,09:00AM-11:00AM|11:00AM-01:00PM|01:00PM-03:00PM|03:00PM-06:00PM
WARD 116 Neelsandra DISPENCERY,OPP TO MILLITARY MAIN Gate Neelasandra,560047,12,77,Free,free,03-06-2021,56,30,45,COVISHIELD,09:00AM-11:00AM|11:00AM-01:00PM|01:00PM-03:00PM|03:00PM-06:00PM
WARD 116 Neelsandra DISPENCERY,OPP TO MILLITARY MAIN Gate Neelasandra,560047,12,77,Free,free,04-06-2021,69,30,45,COVISHIELD,09:00AM-11:00AM|11:00AM-01:00PM|01:00PM-03:00PM|03:00PM-06:00PM
WARD 116 Neelsandra DISPENCERY,OPP TO MILLITARY MAIN Gate Neelasandra,560047,12,77,Free,free,05-06-2021,69,30,45,COVISHIELD,09:00AM-11:00AM|11:00AM-01:00PM|01:00PM-03:00PM|03:00PM-06:00PM
WARD 116 Neelsandra DISPENCERY,OPP TO MILLITARY MAIN Gate Neelasandra,560047,12,77,Free,free,06-06-2021,68,30,45,COVISHIELD,09:00AM-11:00AM|11:00AM-01:00PM|01:00PM-03:00PM|03:00PM-06:00PM
Koramangala UPHC,Near Dog Pound L R Nagar,560047,12,77,Free,free,03-06-2021,36,17,45,COVISHIELD,09:00AM-10:00AM|10:00AM-11:00AM|11:00AM-12:00PM|12:00PM-04:30PM
WARD 114 Bbmp Girls Pu College,ORC Road Girls Pu College Austin Town,560047,12,77,Free,free,03-06-2021,58,30,45,COVISHIELD,09:00AM-11:00AM|11:00AM-01:00PM|01:00PM-03:00PM|03:00PM-06:00PM
WARD 114 Bbmp Girls Pu College,ORC Road Girls Pu College Austin Town,560047,12,77,Free,free,04-06-2021,65,30,45,COVISHIELD,09:00AM-11:00AM|11:00AM-01:00PM|01:00PM-03:00PM|03:00PM-06:00PM
WARD 114 Bbmp Girls Pu College,ORC Road Girls Pu College Austin Town,560047,12,77,Free,free,05-06-2021,69,30,45,COVISHIELD,09:00AM-11:00AM|11:00AM-01:00PM|01:00PM-03:00PM|03:00PM-06:00PM
WARD 114 Bbmp Girls Pu College,ORC Road Girls Pu College Austin Town,560047,12,77,Free,free,06-06-2021,68,30,45,COVISHIELD,09:00AM-11:00AM|11:00AM-01:00PM|01:00PM-03:00PM|03:00PM-06:00PM
WARD 115 YOGA HALL,Near Vivek Nagar NEAR PARK,560047,12,77,Free,free,03-06-2021,62,27,45,COVISHIELD,09:00AM-11:00AM|11:00AM-01:00PM|01:00PM-03:00PM|03:00PM-06:00PM
WARD 115 YOGA HALL,Near Vivek Nagar NEAR PARK,560047,12,77,Free,free,04-06-2021,46,29,45,COVISHIELD,09:00AM-11:00AM|11:00AM-01:00PM|01:00PM-03:00PM|03:00PM-06:00PM
WARD 115 YOGA HALL,Near Vivek Nagar NEAR PARK,560047,12,77,Free,free,05-06-2021,37,22,45,COVISHIELD,09:00AM-11:00AM|11:00AM-01:00PM|01:00PM-03:00PM|03:00PM-06:00PM
WARD 115 YOGA HALL,Near Vivek Nagar NEAR PARK,560047,12,77,Free,free,06-06-2021,70,30,45,COVISHIELD,09:00AM-11:00AM|11:00AM-01:00PM|01:00PM-03:00PM|03:00PM-06:00PM
Ward No 111 FOOT BALL STADIUM,OPP INDIRA CANTEEN ASHOK NAGAR,560047,12,77,Free,free,03-06-2021,65,29,45,COVISHIELD,09:00AM-11:00AM|11:00AM-01:00PM|01:00PM-03:00PM|03:00PM-06:00PM
Ward No 111 FOOT BALL STADIUM,OPP INDIRA CANTEEN ASHOK NAGAR,560047,12,77,Free,free,04-06-2021,68,30,45,COVISHIELD,09:00AM-11:00AM|11:00AM-01:00PM|01:00PM-03:00PM|03:00PM-06:00PM
Ward No 111 FOOT BALL STADIUM,OPP INDIRA CANTEEN ASHOK NAGAR,560047,12,77,Free,free,05-06-2021,70,29,45,COVISHIELD,09:00AM-11:00AM|11:00AM-01:00PM|01:00PM-03:00PM|03:00PM-06:00PM
Ward No 111 FOOT BALL STADIUM,OPP INDIRA CANTEEN ASHOK NAGAR,560047,12,77,Free,free,06-06-2021,70,30,45,COVISHIELD,09:00AM-11:00AM|11:00AM-01:00PM|01:00PM-03:00PM|03:00PM-06:00PM
ST PHILOMENA HOSPITAL BLOCK 1,CAMP BELL ROAD VIVEK NAGAR,560047,12,77,Paid,COVISHIELD:850,04-06-2021,2,10,45,COVISHIELD,09:00AM-11:00AM
Govt School Garudacharpalya,GOVERNMENT SCHOOLRHB COLONY Garudacharpalya,560048,12,77,Free,free,04-06-2021,0,5,45,COVISHIELD,10:00AM-11:00AM|11:00AM-12:00PM|12:00PM-01:00PM|01:00PM-04:00PM
GOVT SCHOOL HOODI MEDAHALLI,Govt. Upper Primary School Hoodi Thigalarapalya Hoodi Bengaluru Karnataka 560067,560049,12,77,Free,free,04-06-2021,39,4,45,COVISHIELD,10:00AM-11:00AM|11:00AM-12:00PM|12:00PM-01:00PM|01:00PM-04:00PM
GOVT SCHOOL HOODI MEDAHALLI,Govt. Upper Primary School Hoodi Thigalarapalya Hoodi Bengaluru Karnataka 560067,560049,12,77,Free,free,04-06-2021,10,10,45,COVISHIELD,10:00AM-11:00AM|11:00AM-12:00PM|12:00PM-01:00PM|01:00PM-04:00PM
Hanumanthnagara Tr Mill UPHC,Brindavan Nagar,560050,12,77,Free,free,03-06-2021,74,45,45,COVISHIELD,09:00AM-10:00AM|10:00AM-11:00AM|11:00AM-12:00PM|12:00PM-04:30PM
WARD 63 V K O School,Shivajinagar,560051,12,77,Free,free,03-06-2021,62,30,45,COVISHIELD,09:00AM-11:00AM|11:00AM-01:00PM|01:00PM-03:00PM|03:00PM-06:00PM
WARD 63 V K O School,Shivajinagar,560051,12,77,Free,free,04-06-2021,69,30,45,COVISHIELD,09:00AM-11:00AM|11:00AM-01:00PM|01:00PM-03:00PM|03:00PM-06:00PM
WARD 63 V K O School,Shivajinagar,560051,12,77,Free,free,05-06-2021,70,30,45,COVISHIELD,09:00AM-11:00AM|11:00AM-01:00PM|01:00PM-03:00PM|03:00PM-06:00PM
WARD 63 V K O School,Shivajinagar,560051,12,77,Free,free,06-06-2021,70,30,45,COVISHIELD,09:00AM-11:00AM|11:00AM-01:00PM|01:00PM-03:00PM|03:00PM-06:00PM
Chickpete Ward 109,13KV Temple Street Crosssowrashtrapetchickpetbengaluru 560053,560053,12,77,Free,free,04-06-2021,1,10,45,COVISHIELD,10:00AM-11:00AM|11:00AM-12:00PM|12:00PM-01:00PM|01:00PM-04:00PM
KR Market Ward 139,1571st Main 2nd Cross S R Market 560053,560053,12,77,Free,free,04-06-2021,9,10,45,COVISHIELD,10:00AM-11:00AM|11:00AM-12:00PM|12:00PM-01:00PM|01:00PM-04:00PM
Nethaji Circle UPHC,Near BBMP 36 Ward Office Netaji Circle,560054,13,77,Free,free,04-06-2021,0,4,45,COVISHIELD,10:00AM-11:00AM|11:00AM-12:00PM|12:00PM-01:00PM|01:00PM-04:00PM
M S RAMAIAH MEDICAL COLLEGE-C1,M S R NAGAR MSRIT POST MATHIKERE,560054,90,90,Paid,COVAXIN:1250,04-06-2021,0,19,45,COVAXIN,09:00AM-11:00AM|11:00AM-12:00PM
Aramane Nagara Ward 35,Puttaiah Copound 7th Cross Ashwath Nagar BBMP Dry Waste Management Compound Ashwath Nagara,560054,13,77,Free,free,04-06-2021,6,10,45,COVISHIELD,10:00AM-11:00AM|11:00AM-12:00PM|12:00PM-01:00PM|01:00PM-04:00PM
Ullalu UPHC,Near Ullal Busstop,560056,12,77,Free,free,03-06-2021,0,28,45,COVISHIELD,09:00AM-11:00AM|11:00AM-01:00PM|01:00PM-03:00PM|03:00PM-06:00PM
THIPPENAHALLI PHC COVISHIELD,THIPPENAHALLI DODDABIDARAKKALU,560057,13,77,Free,free,03-06-2021,84,38,45,COVISHIELD,09:00AM-11:00AM|11:00AM-01:00PM|01:00PM-03:00PM|03:00PM-06:00PM
NELAMAHESHWARI UPHC,Maheswari Nagar T. Dasarahalli Bengaluru Karnataka 560057,560057,13,77,Free,free,04-06-2021,83,70,45,COVISHIELD,10:00AM-12:00PM|12:00PM-02:00PM|02:00PM-04:00PM|04:00PM-05:00PM
NELAMAHESHWARI UPHC,Maheswari Nagar T. Dasarahalli Bengaluru Karnataka 560057,560057,13,77,Free,free,05-06-2021,94,68,45,COVISHIELD,10:00AM-12:00PM|12:00PM-02:00PM|02:00PM-04:00PM|04:00PM-05:00PM
NELAMAHESHWARI UPHC,Maheswari Nagar T. Dasarahalli Bengaluru Karnataka 560057,560057,13,77,Free,free,06-06-2021,93,70,45,COVISHIELD,10:00AM-12:00PM|12:00PM-02:00PM|02:00PM-04:00PM|04:00PM-05:00PM
NELAMAHESHWARI UPHC,Maheswari Nagar T. Dasarahalli Bengaluru Karnataka 560057,560057,13,77,Free,free,07-06-2021,94,68,45,COVISHIELD,10:00AM-12:00PM|12:00PM-02:00PM|02:00PM-04:00PM|04:00PM-05:00PM
MALLASANDRA UPHC 1,Pipeline Rd Bhuvaneshwari Nagar T. Dasarahalli Bengaluru Karnataka,560057,13,77,Free,free,04-06-2021,23,19,45,COVISHIELD,10:00AM-12:00PM|12:00PM-02:00PM|02:00PM-04:00PM|04:00PM-05:00PM
MALLASANDRA UPHC 1,Pipeline Rd Bhuvaneshwari Nagar T. Dasarahalli Bengaluru Karnataka,560057,13,77,Free,free,05-06-2021,35,19,45,COVISHIELD,10:00AM-12:00PM|12:00PM-02:00PM|02:00PM-04:00PM|04:00PM-05:00PM
MALLASANDRA UPHC 1,Pipeline Rd Bhuvaneshwari Nagar T. Dasarahalli Bengaluru Karnataka,560057,13,77,Free,free,06-06-2021,37,17,45,COVISHIELD,10:00AM-12:00PM|12:00PM-02:00PM|02:00PM-04:00PM|04:00PM-05:00PM
MALLASANDRA UPHC 1,Pipeline Rd Bhuvaneshwari Nagar T. Dasarahalli Bengaluru Karnataka,560057,13,77,Free,free,07-06-2021,45,20,45,COVISHIELD,10:00AM-12:00PM|12:00PM-02:00PM|02:00PM-04:00PM|04:00PM-05:00PM
RAJGOPALNAGAR UPHC,368 6th Cross Rd Kasthuri Badavane Rajagopala Nagar Peenya Bengaluru Karnataka 560058,560058,0,0,Free,free,04-06-2021,55,40,45,COVISHIELD,10:00AM-12:00PM|12:00PM-02:00PM|02:00PM-04:00PM|04:00PM-05:00PM
RAJGOPALNAGAR UPHC,368 6th Cross Rd Kasthuri Badavane Rajagopala Nagar Peenya Bengaluru Karnataka 560058,560058,0,0,Free,free,05-06-2021,58,38,45,COVISHIELD,10:00AM-12:00PM|12:00PM-02:00PM|02:00PM-04:00PM|04:00PM-05:00PM
RAJGOPALNAGAR UPHC,368 6th Cross Rd Kasthuri Badavane Rajagopala Nagar Peenya Bengaluru Karnataka 560058,560058,0,0,Free,free,06-06-2021,63,39,45,COVISHIELD,10:00AM-12:00PM|12:00PM-02:00PM|02:00PM-04:00PM|04:00PM-05:00PM
RAJGOPALNAGAR UPHC,368 6th Cross Rd Kasthuri Badavane Rajagopala Nagar Peenya Bengaluru Karnataka 560058,560058,0,0,Free,free,07-06-2021,64,39,45,COVISHIELD,10:00AM-12:00PM|12:00PM-02:00PM|02:00PM-04:00PM|04:00PM-05:00PM
THIPPENAHALLI DAS SITE 2,Nelgadana Halli School Road Shivapura Peenya Bengaluru Karnataka,560058,13,77,Free,free,04-06-2021,58,30,45,COVISHIELD,10:00AM-12:00PM|12:00PM-02:00PM|02:00PM-04:00PM|04:00PM-05:00PM
THIPPENAHALLI DAS SITE 2,Nelgadana Halli School Road Shivapura Peenya Bengaluru Karnataka,560058,13,77,Free,free,05-06-2021,62,30,45,COVISHIELD,10:00AM-12:00PM|12:00PM-02:00PM|02:00PM-04:00PM|04:00PM-05:00PM
THIPPENAHALLI DAS SITE 2,Nelgadana Halli School Road Shivapura Peenya Bengaluru Karnataka,560058,13,77,Free,free,06-06-2021,67,30,45,COVISHIELD,10:00AM-12:00PM|12:00PM-02:00PM|02:00PM-04:00PM|04:00PM-05:00PM
THIPPENAHALLI DAS SITE 2,Nelgadana Halli School Road Shivapura Peenya Bengaluru Karnataka,560058,13,77,Free,free,07-06-2021,69,30,45,COVISHIELD,10:00AM-12:00PM|12:00PM-02:00PM|02:00PM-04:00PM|04:00PM-05:00PM
Kengeri CHC,Mysore Road KENGERI,560060,12,77,Free,free,03-06-2021,0,26,45,COVISHIELD,09:00AM-11:00AM|11:00AM-01:00PM|01:00PM-03:00PM|03:00PM-06:00PM
APTS UPHC,Armed Police Training School,560063,13,77,Free,free,03-06-2021,93,30,45,COVISHIELD,09:00AM-11:00AM|11:00AM-01:00PM|01:00PM-03:00PM|03:00PM-06:00PM
APTS UPHC,Armed Police Training School,560063,13,77,Free,free,04-06-2021,77,28,45,COVISHIELD,09:00AM-11:00AM|11:00AM-01:00PM|01:00PM-03:00PM|03:00PM-06:00PM
ATTURU UPHC,Veerasagara Main Road,560064,13,77,Free,free,04-06-2021,0,18,45,COVISHIELD,09:00AM-11:00AM|11:00AM-01:00PM|01:00PM-03:00PM|03:00PM-06:00PM
AGRAHARA LAYOUT UPHC,Tirumenahalli Main Road,560064,13,77,Free,free,04-06-2021,19,14,45,COVISHIELD,09:00AM-11:00AM|11:00AM-01:00PM|01:00PM-03:00PM|03:00PM-06:00PM
Govt School Siddapura Nallurha,Government School Ramgondanahalli,560066,12,77,Free,free,03-06-2021,1,3,45,COVISHIELD,10:00AM-11:00AM|11:00AM-12:00PM|12:00PM-01:00PM|01:00PM-04:00PM
Govt School Siddapura Nallurha,Government School Ramgondanahalli,560066,12,77,Free,free,04-06-2021,0,1,45,COVISHIELD,10:00AM-11:00AM|11:00AM-12:00PM|12:00PM-01:00PM|01:00PM-04:00PM
SMV Conventional Hall Hagadur,SMV CONVENTIONAL HALL IMMADIHALLI,560066,12,77,Free,free,04-06-2021,0,6,45,COVISHIELD,10:00AM-11:00AM|11:00AM-12:00PM|12:00PM-01:00PM|01:00PM-04:00PM
TOP PALACE FUNCTION HALL,ITI LAYOUT MANGAMMANAPALYA,560068,0,0,Free,free,03-06-2021,0,7,45,COVISHIELD,09:00AM-11:00AM|11:00AM-01:00PM|01:00PM-03:00PM|03:00PM-06:00PM
MADIWALA UPHC -1,18th Cross Btm 1st Stage Madiwala,560068,12,77,Free,free,03-06-2021,5,38,45,COVISHIELD,09:00AM-10:00AM|10:00AM-11:00AM|11:00AM-12:00PM|12:00PM-04:30PM
Yarab Nagar UPHC,Yarab Nagar UPHC BSNL Telephone Exchange Bsk 2nd Stage,560070,12,77,Free,free,03-06-2021,0,16,45,COVISHIELD,09:00AM-11:00AM|11:00AM-01:00PM|01:00PM-03:00PM|03:00PM-04:00PM
Ward 112 Domlur Senior Citizen,92 1st Floor 2nd Main Domlur Layout Near Domlur,560071,12,77,Free,free,03-06-2021,53,28,45,COVISHIELD,09:00AM-11:00AM|11:00AM-01:00PM|01:00PM-03:00PM|03:00PM-06:00PM
Ward 112 Domlur Senior Citizen,92 1st Floor 2nd Main Domlur Layout Near Domlur,560071,12,77,Free,free,04-06-2021,65,30,45,COVISHIELD,09:00AM-11:00AM|11:00AM-01:00PM|01:00PM-03:00PM|03:00PM-06:00PM
Ward 112 Domlur Senior Citizen,92 1st Floor 2nd Main Domlur Layout Near Domlur,560071,12,77,Free,free,05-06-2021,69,28,45,COVISHIELD,09:00AM-11:00AM|11:00AM-01:00PM|01:00PM-03:00PM|03:00PM-06:00PM
Ward 112 Domlur Senior Citizen,92 1st Floor 2nd Main Domlur Layout Near Domlur,560071,12,77,Free,free,06-06-2021,70,30,45,COVISHIELD,09:00AM-11:00AM|11:00AM-01:00PM|01:00PM-03:00PM|03:00PM-06:00PM
BAGALGUNTE UPHC,Vigneshwara Layout Bagalakunte Bengaluru Karnataka 560073,560073,13,77,Free,free,04-06-2021,45,15,45,COVISHIELD,10:00AM-12:00PM|12:00PM-02:00PM|02:00PM-04:00PM|04:00PM-05:00PM
BAGALGUNTE UPHC,Vigneshwara Layout Bagalakunte Bengaluru Karnataka 560073,560073,13,77,Free,free,05-06-2021,72,20,45,COVISHIELD,10:00AM-12:00PM|12:00PM-02:00PM|02:00PM-04:00PM|04:00PM-05:00PM
BAGALGUNTE UPHC,Vigneshwara Layout Bagalakunte Bengaluru Karnataka 560073,560073,13,77,Free,free,06-06-2021,90,19,45,COVISHIELD,10:00AM-12:00PM|12:00PM-02:00PM|02:00PM-04:00PM|04:00PM-05:00PM
BAGALGUNTE UPHC,Vigneshwara Layout Bagalakunte Bengaluru Karnataka 560073,560073,13,77,Free,free,07-06-2021,86,13,45,COVISHIELD,10:00AM-12:00PM|12:00PM-02:00PM|02:00PM-04:00PM|04:00PM-05:00PM
WARD 58 GOVT TAMIL SCHOOL,6TH MAIN ROAD HAL 3RD STAGE BHOOMI REDDY COLONY NEW TIPPASANDRA,560075,12,77,Free,free,03-06-2021,25,30,45,COVISHIELD,09:00AM-11:00AM|11:00AM-01:00PM|01:00PM-03:00PM|03:00PM-06:00PM
WARD 58 GOVT TAMIL SCHOOL,6TH MAIN ROAD HAL 3RD STAGE BHOOMI REDDY COLONY NEW TIPPASANDRA,560075,12,77,Free,free,04-06-2021,59,30,45,COVISHIELD,09:00AM-11:00AM|11:00AM-01:00PM|01:00PM-03:00PM|03:00PM-06:00PM
WARD 58 GOVT TAMIL SCHOOL,6TH MAIN ROAD HAL 3RD STAGE BHOOMI REDDY COLONY NEW TIPPASANDRA,560075,12,77,Free,free,05-06-2021,69,30,45,COVISHIELD,09:00AM-11:00AM|11:00AM-01:00PM|01:00PM-03:00PM|03:00PM-06:00PM
WARD 58 GOVT TAMIL SCHOOL,6TH MAIN ROAD HAL 3RD STAGE BHOOMI REDDY COLONY NEW TIPPASANDRA,560075,12,77,Free,free,06-06-2021,68,30,45,COVISHIELD,09:00AM-11:00AM|11:00AM-01:00PM|01:00PM-03:00PM|03:00PM-06:00PM
APOLLO HOSPITAL 1,Imperial Hospital Research Centre Limited,560076,12,77,Paid,COVAXIN:1250,04-06-2021,0,47,45,COVAXIN,12:00PM-01:00PM|01:00PM-02:00PM|02:00PM-03:00PM|03:00PM-04:30PM
APOLLO HOSPITAL 1,Imperial Hospital Research Centre Limited,560076,12,77,Paid,COVAXIN:1250,04-06-2021,83,97,45,COVISHIELD,09:00AM-11:00AM|11:00AM-01:00PM|01:00PM-03:00PM|03:00PM-06:00PM
Fortis Hospital BG ROAD P3,154 9 Bannerghatta Main Rd Opposite IIM Sahyadri Layout Panduranga Nagar Bengaluru Karnataka,560076,12,77,Paid,COVISHIELD:850,04-06-2021,45,6,45,COVISHIELD,10:00AM-11:00AM|11:00AM-12:00PM|12:00PM-01:00PM|01:00PM-02:00PM
Fortis Hospital BG ROAD P3,154 9 Bannerghatta Main Rd Opposite IIM Sahyadri Layout Panduranga Nagar Bengaluru Karnataka,560076,12,77,Paid,COVISHIELD:850,04-06-2021,0,47,45,COVAXIN,10:00AM-11:00AM|11:00AM-12:00PM|12:00PM-01:00PM|01:00PM-02:00PM
THANISANDRA UPHC,6th Cross,560077,13,77,Free,free,03-06-2021,79,30,45,COVISHIELD,09:00AM-11:00AM|11:00AM-01:00PM|01:00PM-03:00PM|03:00PM-06:00PM
THANISANDRA UPHC,6th Cross,560077,13,77,Free,free,04-06-2021,68,26,45,COVISHIELD,09:00AM-11:00AM|11:00AM-01:00PM|01:00PM-03:00PM|03:00PM-06:00PM
GOVT SCHOOL K NARAYANAPURA,K Narayanapura Main Rd Narayanapura Bengaluru,560077,13,77,Free,free,04-06-2021,12,5,45,COVISHIELD,10:00AM-11:00AM|11:00AM-12:00PM|12:00PM-01:00PM|01:00PM-04:00PM
Jayaprakashnagara UPHC,Opposite Bangalore One 12th Cross35th MainJP Nagar,560078,12,77,Free,free,03-06-2021,0,21,45,COVISHIELD,09:00AM-11:00AM|11:00AM-01:00PM|01:00PM-03:00PM|03:00PM-04:00PM
Neighbourhood Hospitals,Neighbourhood Hospital Kothnur Main Road RBI Layout JP Nagar 7th Phase J. P. Nagar Bengaluru Karnataka India,560078,12,77,Paid,COVISHIELD:850,04-06-2021,10,8,45,COVISHIELD,10:00AM-11:00AM|11:00AM-12:00PM|12:00PM-01:00PM|01:00PM-02:00PM
Basaveshwara Nagar Ward 100,Governament High School Sanegorvanahalli2nd E Cross 3rd Stage 3rd Blocknear Basaveshwaranagar Bangalore -79,560079,12,77,Free,free,03-06-2021,0,9,45,COVISHIELD,10:00AM-11:00AM|11:00AM-12:00PM|12:00PM-01:00PM|01:00PM-04:00PM
Basaveshwara Nagar Ward 100,Governament High School Sanegorvanahalli2nd E Cross 3rd Stage 3rd Blocknear Basaveshwaranagar Bangalore -79,560079,12,77,Free,free,04-06-2021,0,7,45,COVISHIELD,10:00AM-11:00AM|11:00AM-12:00PM|12:00PM-01:00PM|01:00PM-04:00PM
Vrisahbhavathi Nagar Ward 102,18 1opp.karyasddi Anjaneya TempleVrushabhavathi Nagar Sannaki Bayalu kamakshipaya 560079,560079,12,77,Free,free,03-06-2021,3,10,45,COVISHIELD,10:00AM-11:00AM|11:00AM-12:00PM|12:00PM-01:00PM|01:00PM-04:00PM
Vrisahbhavathi Nagar Ward 102,18 1opp.karyasddi Anjaneya TempleVrushabhavathi Nagar Sannaki Bayalu kamakshipaya 560079,560079,12,77,Free,free,04-06-2021,4,10,45,COVISHIELD,10:00AM-11:00AM|11:00AM-12:00PM|12:00PM-01:00PM|01:00PM-04:00PM
Kaveripura Ward 103,1274th Main Rdgovindaraja Nagar Ward PattegarahpalyaVijayanagar Bengaluru 560079,560079,12,77,Free,free,03-06-2021,1,10,45,COVISHIELD,10:00AM-11:00AM|11:00AM-12:00PM|12:00PM-01:00PM|01:00PM-04:00PM
Kaveripura Ward 103,1274th Main Rdgovindaraja Nagar Ward PattegarahpalyaVijayanagar Bengaluru 560079,560079,12,77,Free,free,04-06-2021,0,10,45,COVISHIELD,10:00AM-11:00AM|11:00AM-12:00PM|12:00PM-01:00PM|01:00PM-04:00PM
Peenya Kamalanagara UPHC,BBMP Building Next To Shankarnag Bus Stop,560079,12,77,Free,free,03-06-2021,4,10,45,COVISHIELD,10:00AM-11:00AM|11:00AM-12:00PM|12:00PM-01:00PM|01:00PM-04:00PM
Peenya Kamalanagara UPHC,BBMP Building Next To Shankarnag Bus Stop,560079,12,77,Free,free,04-06-2021,0,9,45,COVISHIELD,10:00AM-11:00AM|11:00AM-12:00PM|12:00PM-01:00PM|01:00PM-04:00PM
Govindrajnagar UPHC,7th Main Nagarbhavi Main Road,560079,12,77,Free,free,03-06-2021,2,8,45,COVISHIELD,10:00AM-11:00AM|11:00AM-12:00PM|12:00PM-01:00PM|01:00PM-04:00PM
Govindrajnagar UPHC,7th Main Nagarbhavi Main Road,560079,12,77,Free,free,04-06-2021,0,7,45,COVISHIELD,10:00AM-11:00AM|11:00AM-12:00PM|12:00PM-01:00PM|01:00PM-04:00PM
Kamakshipalya UPHC,Opp SBI Bank Magadi Road Kamakshipalya,560079,12,77,Free,free,03-06-2021,2,9,45,COVISHIELD,10:00AM-11:00AM|11:00AM-12:00PM|12:00PM-01:00PM|01:00PM-04:00PM
Kamakshipalya UPHC,Opp SBI Bank Magadi Road Kamakshipalya,560079,12,77,Free,free,04-06-2021,0,9,45,COVISHIELD,10:00AM-11:00AM|11:00AM-12:00PM|12:00PM-01:00PM|01:00PM-04:00PM
Agrahara Dasarahalli UPHC,AD Halli,560079,12,77,Free,free,04-06-2021,1,7,45,COVISHIELD,10:00AM-11:00AM|11:00AM-12:00PM|12:00PM-01:00PM|01:00PM-04:00PM
WARD NO 29 CMR SCHOOL,BEHIND JALAVAYU VIHAR GATE,560084,13,77,Free,free,03-06-2021,25,26,45,COVISHIELD,09:00AM-11:00AM|11:00AM-01:00PM|01:00PM-03:00PM|03:00PM-06:00PM
WARD NO 29 CMR SCHOOL,BEHIND JALAVAYU VIHAR GATE,560084,13,77,Free,free,04-06-2021,59,30,45,COVISHIELD,09:00AM-11:00AM|11:00AM-01:00PM|01:00PM-03:00PM|03:00PM-06:00PM
WARD NO 29 CMR SCHOOL,BEHIND JALAVAYU VIHAR GATE,560084,13,77,Free,free,05-06-2021,67,29,45,COVISHIELD,09:00AM-11:00AM|11:00AM-01:00PM|01:00PM-03:00PM|03:00PM-06:00PM
WARD NO 29 CMR SCHOOL,BEHIND JALAVAYU VIHAR GATE,560084,13,77,Free,free,06-06-2021,70,30,45,COVISHIELD,09:00AM-11:00AM|11:00AM-01:00PM|01:00PM-03:00PM|03:00PM-06:00PM
WARD 49 DIVYA SHANTHI HEALTH,1ST CROSS SAKAMMA LAYOUT NEAR LINGARAJ PURAM BUS STOP,560084,13,77,Free,free,03-06-2021,6,30,45,COVISHIELD,09:00AM-11:00AM|11:00AM-01:00PM|01:00PM-03:00PM|03:00PM-06:00PM
WARD 49 DIVYA SHANTHI HEALTH,1ST CROSS SAKAMMA LAYOUT NEAR LINGARAJ PURAM BUS STOP,560084,13,77,Free,free,04-06-2021,63,29,45,COVISHIELD,09:00AM-11:00AM|11:00AM-01:00PM|01:00PM-03:00PM|03:00PM-06:00PM
WARD 49 DIVYA SHANTHI HEALTH,1ST CROSS SAKAMMA LAYOUT NEAR LINGARAJ PURAM BUS STOP,560084,13,77,Free,free,05-06-2021,66,30,45,COVISHIELD,09:00AM-11:00AM|11:00AM-01:00PM|01:00PM-03:00PM|03:00PM-06:00PM
WARD 49 DIVYA SHANTHI HEALTH,1ST CROSS SAKAMMA LAYOUT NEAR LINGARAJ PURAM BUS STOP,560084,13,77,Free,free,06-06-2021,70,30,45,COVISHIELD,09:00AM-11:00AM|11:00AM-01:00PM|01:00PM-03:00PM|03:00PM-06:00PM
Ward 60 Bbmp GOVT School,Pillanna Garden,560084,13,77,Free,free,04-06-2021,66,30,45,COVISHIELD,09:00AM-11:00AM|11:00AM-01:00PM|01:00PM-03:00PM|03:00PM-06:00PM
Ward 60 Bbmp GOVT School,Pillanna Garden,560084,13,77,Free,free,05-06-2021,69,30,45,COVISHIELD,09:00AM-11:00AM|11:00AM-01:00PM|01:00PM-03:00PM|03:00PM-06:00PM
Ward 60 Bbmp GOVT School,Pillanna Garden,560084,13,77,Free,free,06-06-2021,69,30,45,COVISHIELD,09:00AM-11:00AM|11:00AM-01:00PM|01:00PM-03:00PM|03:00PM-06:00PM
Ashokpuram UPHC,5th Cross Ashokpuram Yeshwanthpur Industrial Surb Bangalore,560086,13,77,Free,free,03-06-2021,4,10,45,COVISHIELD,10:00AM-11:00AM|11:00AM-12:00PM|12:00PM-01:00PM|01:00PM-04:00PM
Ashokpuram UPHC,5th Cross Ashokpuram Yeshwanthpur Industrial Surb Bangalore,560086,13,77,Free,free,04-06-2021,6,10,45,COVISHIELD,10:00AM-11:00AM|11:00AM-12:00PM|12:00PM-01:00PM|01:00PM-04:00PM
Shankar Matt Ward 75,Athreya Vidyanikethan School 75 9 15th Main 13th Cross J C Nagar Kurubarahalli,560086,13,77,Free,free,03-06-2021,12,10,45,COVISHIELD,10:00AM-11:00AM|11:00AM-12:00PM|12:00PM-01:00PM|01:00PM-04:00PM
Shankar Matt Ward 75,Athreya Vidyanikethan School 75 9 15th Main 13th Cross J C Nagar Kurubarahalli,560086,13,77,Free,free,04-06-2021,0,9,45,COVISHIELD,10:00AM-11:00AM|11:00AM-12:00PM|12:00PM-01:00PM|01:00PM-04:00PM
Mahalakshmi Layout UPHC,Mahalaxmi Layout UPHC,560086,13,77,Free,free,04-06-2021,0,10,45,COVISHIELD,10:00AM-11:00AM|11:00AM-12:00PM|12:00PM-01:00PM|01:00PM-04:00PM
Government School Varthur P3,Government School Varthur Near Varthuru Police Station,560087,12,77,Free,free,04-06-2021,0,6,45,COVISHIELD,10:00AM-11:00AM|11:00AM-12:00PM|12:00PM-01:00PM|01:00PM-04:00PM
GOVT SCHOOL GUNJURU,VARTHURU MAIN ROAD,560087,12,77,Free,free,04-06-2021,2,9,45,COVISHIELD,10:00AM-11:00AM|11:00AM-12:00PM|12:00PM-01:00PM|01:00PM-04:00PM
HEGGANAHALLI UPHC,No. Sanjeevinagar Near Anjaneya Temple 20 2nd Main Rd Narasimharaja Colony Hegganahalli Bengaluru Karnataka 560091,560091,13,77,Free,free,04-06-2021,32,40,45,COVISHIELD,10:00AM-12:00PM|12:00PM-02:00PM|02:00PM-04:00PM|04:00PM-05:00PM
HEGGANAHALLI UPHC,No. Sanjeevinagar Near Anjaneya Temple 20 2nd Main Rd Narasimharaja Colony Hegganahalli Bengaluru Karnataka 560091,560091,13,77,Free,free,05-06-2021,50,40,45,COVISHIELD,10:00AM-12:00PM|12:00PM-02:00PM|02:00PM-04:00PM|04:00PM-05:00PM
HEGGANAHALLI UPHC,No. Sanjeevinagar Near Anjaneya Temple 20 2nd Main Rd Narasimharaja Colony Hegganahalli Bengaluru Karnataka 560091,560091,13,77,Free,free,06-06-2021,71,37,45,COVISHIELD,10:00AM-12:00PM|12:00PM-02:00PM|02:00PM-04:00PM|04:00PM-05:00PM
HEGGANAHALLI UPHC,No. Sanjeevinagar Near Anjaneya Temple 20 2nd Main Rd Narasimharaja Colony Hegganahalli Bengaluru Karnataka 560091,560091,13,77,Free,free,07-06-2021,67,38,45,COVISHIELD,10:00AM-12:00PM|12:00PM-02:00PM|02:00PM-04:00PM|04:00PM-05:00PM
Yelahanka KODIGEHALLI UPHC,Kodigehalli Main Road,560092,13,77,Free,free,03-06-2021,48,20,45,COVISHIELD,09:00AM-11:00AM|11:00AM-01:00PM|01:00PM-03:00PM|03:00PM-06:00PM
Yelahanka KODIGEHALLI UPHC,Kodigehalli Main Road,560092,13,77,Free,free,04-06-2021,47,20,45,COVISHIELD,09:00AM-11:00AM|11:00AM-01:00PM|01:00PM-03:00PM|03:00PM-06:00PM
AMRUTHA HALLI UPHC,Amruthahalli Main Road,560092,13,77,Free,free,04-06-2021,46,25,45,COVISHIELD,09:00AM-11:00AM|11:00AM-01:00PM|01:00PM-03:00PM|03:00PM-06:00PM
Ward No 18 Akai Public School,Nagashetty Halli RMV 2 ND STAGE,560094,13,77,Free,free,04-06-2021,54,29,45,COVISHIELD,09:00AM-11:00AM|11:00AM-01:00PM|01:00PM-03:00PM|03:00PM-06:00PM
WARD 19 AFADILS ENGLISH SCHOOL,16 TH CROSS AECS LAYOUT,560094,13,77,Free,free,04-06-2021,69,30,45,COVISHIELD,09:00AM-11:00AM|11:00AM-01:00PM|01:00PM-03:00PM|03:00PM-06:00PM
APOLLO CLINIC KORMANAGALA,NO 51 5TH BLOCK OPP TO JYOTHI NIVAS COLLEGE KORMANAGALA,560095,12,77,Paid,COVISHIELD:850,03-06-2021,20,19,45,COVISHIELD,
NANDHINI LAYOUT PHC 1,JAI BHUVANESHWARI NAGAR NANDHINI LAYOUT,560096,13,77,Free,free,03-06-2021,85,42,45,COVISHIELD,09:00AM-11:00AM|11:00AM-01:00PM|01:00PM-03:00PM|03:00PM-06:00PM
Shankar Nagar UPHC,SHANKAR NAGAR UPHC - 110-111 7TH CROSS SHANKAR NAGAR NANDINI LAYOUT BANGALORE,560096,13,77,Free,free,04-06-2021,1,9,45,COVISHIELD,10:00AM-11:00AM|11:00AM-12:00PM|12:00PM-01:00PM|01:00PM-04:00PM
Thindlu UPHC,GKVK Road,560097,13,77,Free,free,03-06-2021,15,15,45,COVISHIELD,09:00AM-11:00AM|11:00AM-01:00PM|01:00PM-03:00PM|03:00PM-06:00PM
Thindlu UPHC,GKVK Road,560097,13,77,Free,free,04-06-2021,0,8,45,COVISHIELD,09:00AM-11:00AM|11:00AM-01:00PM|01:00PM-03:00PM|03:00PM-06:00PM
MOHAMMED SAB PALYA UPHC,MOHAMED SAB PALYA,560097,13,77,Free,free,03-06-2021,33,13,45,COVISHIELD,09:00AM-11:00AM|11:00AM-01:00PM|01:00PM-03:00PM|03:00PM-06:00PM
MOHAMMED SAB PALYA UPHC,MOHAMED SAB PALYA,560097,13,77,Free,free,04-06-2021,22,13,45,COVISHIELD,09:00AM-11:00AM|11:00AM-01:00PM|01:00PM-03:00PM|03:00PM-06:00PM
Sahakarnagar UPHC 1,Canara Bank Layout,560097,13,77,Free,free,04-06-2021,36,13,45,COVISHIELD,09:00AM-11:00AM|11:00AM-01:00PM|01:00PM-03:00PM|03:00PM-06:00PM
BANGARAPPA NAGAR UPHC,RAJARAJESHWARI NAGAR,560098,12,77,Free,free,03-06-2021,0,18,45,COVISHIELD,09:00AM-11:00AM|11:00AM-01:00PM|01:00PM-03:00PM|03:00PM-06:00PM
